Hotel Adı,Tarih,Fiyat
Address Hotel Istanbul,17-03-2025,162
Address Hotel Istanbul,18-03-2025,162
Address Hotel Istanbul,19-03-2025,162
Address Hotel Istanbul,20-03-2025,162
Address Hotel Istanbul,21-03-2025,162
Address Hotel Istanbul,22-03-2025,162
Address Hotel Istanbul,23-03-2025,162
Address Hotel Istanbul,24-03-2025,162
Address Hotel Istanbul,25-03-2025,162
Address Hotel Istanbul,26-03-2025,162
Address Hotel Istanbul,27-03-2025,162
Address Hotel Istanbul,28-03-2025,162
Address Hotel Istanbul,29-03-2025,142
Address Hotel Istanbul,30-03-2025,169
Address Hotel Istanbul,31-03-2025,219
Address Hotel Istanbul,01-04-2025,219
Address Hotel Istanbul,02-04-2025,211
Address Hotel Istanbul,03-04-2025,211
Address Hotel Istanbul,04-04-2025,211
Address Hotel Istanbul,05-04-2025,192
Address Hotel Istanbul,06-04-2025,192
Address Hotel Istanbul,07-04-2025,192
Address Hotel Istanbul,08-04-2025,192
Address Hotel Istanbul,09-04-2025,192
Address Hotel Istanbul,10-04-2025,192
Address Hotel Istanbul,11-04-2025,192
Address Hotel Istanbul,12-04-2025,192
Address Hotel Istanbul,13-04-2025,192
Address Hotel Istanbul,14-04-2025,192
Address Hotel Istanbul,15-04-2025,192
Address Hotel Istanbul,16-04-2025,192
Address Hotel Istanbul,17-04-2025,192
Address Hotel Istanbul,18-04-2025,192
Address Hotel Istanbul,19-04-2025,192
Address Hotel Istanbul,20-04-2025,192
Address Hotel Istanbul,21-04-2025,192
Address Hotel Istanbul,22-04-2025,192
Address Hotel Istanbul,23-04-2025,192
Address Hotel Istanbul,24-04-2025,192
Address Hotel Istanbul,25-04-2025,192
Address Hotel Istanbul,26-04-2025,192
Address Hotel Istanbul,27-04-2025,192
Address Hotel Istanbul,28-04-2025,192
Address Hotel Istanbul,29-04-2025,192
Address Hotel Istanbul,30-04-2025,192
Beethoven Premium Hotel,17-03-2025,100
Beethoven Premium Hotel,18-03-2025,121
Beethoven Premium Hotel,19-03-2025,107
Beethoven Premium Hotel,20-03-2025,107
Beethoven Premium Hotel,21-03-2025,107
Beethoven Premium Hotel,22-03-2025,107
Beethoven Premium Hotel,23-03-2025,101
Beethoven Premium Hotel,24-03-2025,123
Beethoven Premium Hotel,25-03-2025,93
Beethoven Premium Hotel,26-03-2025,123
Beethoven Premium Hotel,27-03-2025,123
Beethoven Premium Hotel,28-03-2025,122
Beethoven Premium Hotel,29-03-2025,122
Beethoven Premium Hotel,30-03-2025,91
Beethoven Premium Hotel,31-03-2025,91
Beethoven Premium Hotel,01-04-2025,99
Beethoven Premium Hotel,02-04-2025,125
Beethoven Premium Hotel,03-04-2025,151
Beethoven Premium Hotel,04-04-2025,123
Beethoven Premium Hotel,05-04-2025,136
Beethoven Premium Hotel,06-04-2025,136
Beethoven Premium Hotel,07-04-2025,151
Beethoven Premium Hotel,08-04-2025,151
Beethoven Premium Hotel,09-04-2025,151
Beethoven Premium Hotel,10-04-2025,151
Beethoven Premium Hotel,11-04-2025,150
Beethoven Premium Hotel,12-04-2025,136
Beethoven Premium Hotel,13-04-2025,150
Beethoven Premium Hotel,14-04-2025,151
Beethoven Premium Hotel,15-04-2025,151
Beethoven Premium Hotel,16-04-2025,151
Beethoven Premium Hotel,17-04-2025,151
Beethoven Premium Hotel,18-04-2025,136
Beethoven Premium Hotel,19-04-2025,161
Beethoven Premium Hotel,20-04-2025,161
Beethoven Premium Hotel,21-04-2025,146
Beethoven Premium Hotel,22-04-2025,161
Beethoven Premium Hotel,23-04-2025,161
Beethoven Premium Hotel,24-04-2025,161
Beethoven Premium Hotel,25-04-2025,150
Beethoven Premium Hotel,26-04-2025,150
Beethoven Premium Hotel,27-04-2025,150
Beethoven Premium Hotel,28-04-2025,151
Beethoven Premium Hotel,29-04-2025,151
Beethoven Premium Hotel,30-04-2025,151
Beethoven Senfoni Hotel Istanbul,17-03-2025,87
Beethoven Senfoni Hotel Istanbul,18-03-2025,87
Beethoven Senfoni Hotel Istanbul,19-03-2025,87
Beethoven Senfoni Hotel Istanbul,20-03-2025,87
Beethoven Senfoni Hotel Istanbul,21-03-2025,87
Beethoven Senfoni Hotel Istanbul,22-03-2025,87
Beethoven Senfoni Hotel Istanbul,23-03-2025,87
Beethoven Senfoni Hotel Istanbul,24-03-2025,87
Beethoven Senfoni Hotel Istanbul,25-03-2025,87
Beethoven Senfoni Hotel Istanbul,26-03-2025,87
Beethoven Senfoni Hotel Istanbul,27-03-2025,87
Beethoven Senfoni Hotel Istanbul,28-03-2025,87
Beethoven Senfoni Hotel Istanbul,29-03-2025,87
Beethoven Senfoni Hotel Istanbul,30-03-2025,88
Beethoven Senfoni Hotel Istanbul,31-03-2025,87
Beethoven Senfoni Hotel Istanbul,01-04-2025,160
Beethoven Senfoni Hotel Istanbul,02-04-2025,160
Beethoven Senfoni Hotel Istanbul,03-04-2025,160
Beethoven Senfoni Hotel Istanbul,04-04-2025,158
Beethoven Senfoni Hotel Istanbul,05-04-2025,158
Beethoven Senfoni Hotel Istanbul,06-04-2025,158
Beethoven Senfoni Hotel Istanbul,07-04-2025,117
Beethoven Senfoni Hotel Istanbul,08-04-2025,160
Beethoven Senfoni Hotel Istanbul,09-04-2025,128
Beethoven Senfoni Hotel Istanbul,10-04-2025,160
Beethoven Senfoni Hotel Istanbul,11-04-2025,126
Beethoven Senfoni Hotel Istanbul,12-04-2025,126
Beethoven Senfoni Hotel Istanbul,13-04-2025,126
Beethoven Senfoni Hotel Istanbul,14-04-2025,128
Beethoven Senfoni Hotel Istanbul,15-04-2025,160
Beethoven Senfoni Hotel Istanbul,16-04-2025,158
Beethoven Senfoni Hotel Istanbul,17-04-2025,180
Beethoven Senfoni Hotel Istanbul,18-04-2025,180
Beethoven Senfoni Hotel Istanbul,19-04-2025,144
Beethoven Senfoni Hotel Istanbul,20-04-2025,144
Beethoven Senfoni Hotel Istanbul,21-04-2025,180
Beethoven Senfoni Hotel Istanbul,22-04-2025,180
Beethoven Senfoni Hotel Istanbul,23-04-2025,180
Beethoven Senfoni Hotel Istanbul,24-04-2025,180
Beethoven Senfoni Hotel Istanbul,25-04-2025,180
Beethoven Senfoni Hotel Istanbul,26-04-2025,158
Beethoven Senfoni Hotel Istanbul,27-04-2025,158
Beethoven Senfoni Hotel Istanbul,28-04-2025,160
Beethoven Senfoni Hotel Istanbul,29-04-2025,160
Beethoven Senfoni Hotel Istanbul,30-04-2025,160
"Burdock Hotel Istanbul, Autograph Collection",17-03-2025,139
"Burdock Hotel Istanbul, Autograph Collection",18-03-2025,118
"Burdock Hotel Istanbul, Autograph Collection",19-03-2025,118
"Burdock Hotel Istanbul, Autograph Collection",20-03-2025,118
"Burdock Hotel Istanbul, Autograph Collection",21-03-2025,118
"Burdock Hotel Istanbul, Autograph Collection",22-03-2025,118
"Burdock Hotel Istanbul, Autograph Collection",23-03-2025,118
"Burdock Hotel Istanbul, Autograph Collection",24-03-2025,118
"Burdock Hotel Istanbul, Autograph Collection",25-03-2025,118
"Burdock Hotel Istanbul, Autograph Collection",26-03-2025,112
"Burdock Hotel Istanbul, Autograph Collection",27-03-2025,112
"Burdock Hotel Istanbul, Autograph Collection",28-03-2025,112
"Burdock Hotel Istanbul, Autograph Collection",29-03-2025,119
"Burdock Hotel Istanbul, Autograph Collection",30-03-2025,159
"Burdock Hotel Istanbul, Autograph Collection",31-03-2025,159
"Burdock Hotel Istanbul, Autograph Collection",01-04-2025,212
"Burdock Hotel Istanbul, Autograph Collection",02-04-2025,237
"Burdock Hotel Istanbul, Autograph Collection",03-04-2025,-
"Burdock Hotel Istanbul, Autograph Collection",04-04-2025,186
"Burdock Hotel Istanbul, Autograph Collection",05-04-2025,169
"Burdock Hotel Istanbul, Autograph Collection",06-04-2025,145
"Burdock Hotel Istanbul, Autograph Collection",07-04-2025,145
"Burdock Hotel Istanbul, Autograph Collection",08-04-2025,145
"Burdock Hotel Istanbul, Autograph Collection",09-04-2025,145
"Burdock Hotel Istanbul, Autograph Collection",10-04-2025,152
"Burdock Hotel Istanbul, Autograph Collection",11-04-2025,259
"Burdock Hotel Istanbul, Autograph Collection",12-04-2025,169
"Burdock Hotel Istanbul, Autograph Collection",13-04-2025,169
"Burdock Hotel Istanbul, Autograph Collection",14-04-2025,169
"Burdock Hotel Istanbul, Autograph Collection",15-04-2025,169
"Burdock Hotel Istanbul, Autograph Collection",16-04-2025,169
"Burdock Hotel Istanbul, Autograph Collection",17-04-2025,186
"Burdock Hotel Istanbul, Autograph Collection",18-04-2025,237
"Burdock Hotel Istanbul, Autograph Collection",19-04-2025,178
"Burdock Hotel Istanbul, Autograph Collection",20-04-2025,169
"Burdock Hotel Istanbul, Autograph Collection",21-04-2025,-
"Burdock Hotel Istanbul, Autograph Collection",22-04-2025,237
"Burdock Hotel Istanbul, Autograph Collection",23-04-2025,237
"Burdock Hotel Istanbul, Autograph Collection",24-04-2025,237
"Burdock Hotel Istanbul, Autograph Collection",25-04-2025,-
"Burdock Hotel Istanbul, Autograph Collection",26-04-2025,152
"Burdock Hotel Istanbul, Autograph Collection",27-04-2025,145
"Burdock Hotel Istanbul, Autograph Collection",28-04-2025,145
"Burdock Hotel Istanbul, Autograph Collection",29-04-2025,145
"Burdock Hotel Istanbul, Autograph Collection",30-04-2025,212
Crowne Plaza Istanbul Old City,17-03-2025,110
Crowne Plaza Istanbul Old City,18-03-2025,100
Crowne Plaza Istanbul Old City,19-03-2025,100
Crowne Plaza Istanbul Old City,20-03-2025,110
Crowne Plaza Istanbul Old City,21-03-2025,115
Crowne Plaza Istanbul Old City,22-03-2025,115
Crowne Plaza Istanbul Old City,23-03-2025,90
Crowne Plaza Istanbul Old City,24-03-2025,124
Crowne Plaza Istanbul Old City,25-03-2025,124
Crowne Plaza Istanbul Old City,26-03-2025,124
Crowne Plaza Istanbul Old City,27-03-2025,124
Crowne Plaza Istanbul Old City,28-03-2025,132
Crowne Plaza Istanbul Old City,29-03-2025,132
Crowne Plaza Istanbul Old City,30-03-2025,115
Crowne Plaza Istanbul Old City,31-03-2025,115
Crowne Plaza Istanbul Old City,01-04-2025,120
Crowne Plaza Istanbul Old City,02-04-2025,120
Crowne Plaza Istanbul Old City,03-04-2025,120
Crowne Plaza Istanbul Old City,04-04-2025,120
Crowne Plaza Istanbul Old City,05-04-2025,120
Crowne Plaza Istanbul Old City,06-04-2025,120
Crowne Plaza Istanbul Old City,07-04-2025,120
Crowne Plaza Istanbul Old City,08-04-2025,120
Crowne Plaza Istanbul Old City,09-04-2025,120
Crowne Plaza Istanbul Old City,10-04-2025,120
Crowne Plaza Istanbul Old City,11-04-2025,120
Crowne Plaza Istanbul Old City,12-04-2025,166
Crowne Plaza Istanbul Old City,13-04-2025,153
Crowne Plaza Istanbul Old City,14-04-2025,153
Crowne Plaza Istanbul Old City,15-04-2025,148
Crowne Plaza Istanbul Old City,16-04-2025,229
Crowne Plaza Istanbul Old City,17-04-2025,229
Crowne Plaza Istanbul Old City,18-04-2025,229
Crowne Plaza Istanbul Old City,19-04-2025,157
Crowne Plaza Istanbul Old City,20-04-2025,162
Crowne Plaza Istanbul Old City,21-04-2025,148
Crowne Plaza Istanbul Old City,22-04-2025,148
Crowne Plaza Istanbul Old City,23-04-2025,148
Crowne Plaza Istanbul Old City,24-04-2025,238
Crowne Plaza Istanbul Old City,25-04-2025,238
Crowne Plaza Istanbul Old City,26-04-2025,238
Crowne Plaza Istanbul Old City,27-04-2025,148
Crowne Plaza Istanbul Old City,28-04-2025,148
Crowne Plaza Istanbul Old City,29-04-2025,166
Crowne Plaza Istanbul Old City,30-04-2025,229
"Delta Hotels Istanbul Levent Esentepe, Büyükdere Cd.",17-03-2025,121
"Delta Hotels Istanbul Levent Esentepe, Büyükdere Cd.",18-03-2025,121
"Delta Hotels Istanbul Levent Esentepe, Büyükdere Cd.",19-03-2025,109
"Delta Hotels Istanbul Levent Esentepe, Büyükdere Cd.",20-03-2025,109
"Delta Hotels Istanbul Levent Esentepe, Büyükdere Cd.",21-03-2025,103
"Delta Hotels Istanbul Levent Esentepe, Büyükdere Cd.",22-03-2025,103
"Delta Hotels Istanbul Levent Esentepe, Büyükdere Cd.",23-03-2025,109
"Delta Hotels Istanbul Levent Esentepe, Büyükdere Cd.",24-03-2025,109
"Delta Hotels Istanbul Levent Esentepe, Büyükdere Cd.",25-03-2025,109
"Delta Hotels Istanbul Levent Esentepe, Büyükdere Cd.",26-03-2025,109
"Delta Hotels Istanbul Levent Esentepe, Büyükdere Cd.",27-03-2025,109
"Delta Hotels Istanbul Levent Esentepe, Büyükdere Cd.",28-03-2025,103
"Delta Hotels Istanbul Levent Esentepe, Büyükdere Cd.",29-03-2025,103
"Delta Hotels Istanbul Levent Esentepe, Büyükdere Cd.",30-03-2025,109
"Delta Hotels Istanbul Levent Esentepe, Büyükdere Cd.",31-03-2025,109
"Delta Hotels Istanbul Levent Esentepe, Büyükdere Cd.",01-04-2025,135
"Delta Hotels Istanbul Levent Esentepe, Büyükdere Cd.",02-04-2025,135
"Delta Hotels Istanbul Levent Esentepe, Büyükdere Cd.",03-04-2025,135
"Delta Hotels Istanbul Levent Esentepe, Büyükdere Cd.",04-04-2025,128
"Delta Hotels Istanbul Levent Esentepe, Büyükdere Cd.",05-04-2025,128
"Delta Hotels Istanbul Levent Esentepe, Büyükdere Cd.",06-04-2025,135
"Delta Hotels Istanbul Levent Esentepe, Büyükdere Cd.",07-04-2025,135
"Delta Hotels Istanbul Levent Esentepe, Büyükdere Cd.",08-04-2025,135
"Delta Hotels Istanbul Levent Esentepe, Büyükdere Cd.",09-04-2025,135
"Delta Hotels Istanbul Levent Esentepe, Büyükdere Cd.",10-04-2025,135
"Delta Hotels Istanbul Levent Esentepe, Büyükdere Cd.",11-04-2025,135
"Delta Hotels Istanbul Levent Esentepe, Büyükdere Cd.",12-04-2025,135
"Delta Hotels Istanbul Levent Esentepe, Büyükdere Cd.",13-04-2025,135
"Delta Hotels Istanbul Levent Esentepe, Büyükdere Cd.",14-04-2025,135
"Delta Hotels Istanbul Levent Esentepe, Büyükdere Cd.",15-04-2025,135
"Delta Hotels Istanbul Levent Esentepe, Büyükdere Cd.",16-04-2025,135
"Delta Hotels Istanbul Levent Esentepe, Büyükdere Cd.",17-04-2025,135
"Delta Hotels Istanbul Levent Esentepe, Büyükdere Cd.",18-04-2025,135
"Delta Hotels Istanbul Levent Esentepe, Büyükdere Cd.",19-04-2025,135
"Delta Hotels Istanbul Levent Esentepe, Büyükdere Cd.",20-04-2025,135
"Delta Hotels Istanbul Levent Esentepe, Büyükdere Cd.",21-04-2025,135
"Delta Hotels Istanbul Levent Esentepe, Büyükdere Cd.",22-04-2025,135
"Delta Hotels Istanbul Levent Esentepe, Büyükdere Cd.",23-04-2025,135
"Delta Hotels Istanbul Levent Esentepe, Büyükdere Cd.",24-04-2025,135
"Delta Hotels Istanbul Levent Esentepe, Büyükdere Cd.",25-04-2025,135
"Delta Hotels Istanbul Levent Esentepe, Büyükdere Cd.",26-04-2025,135
"Delta Hotels Istanbul Levent Esentepe, Büyükdere Cd.",27-04-2025,135
"Delta Hotels Istanbul Levent Esentepe, Büyükdere Cd.",28-04-2025,135
"Delta Hotels Istanbul Levent Esentepe, Büyükdere Cd.",29-04-2025,135
"Delta Hotels Istanbul Levent Esentepe, Büyükdere Cd.",30-04-2025,135
Emin Hotel laleli,17-03-2025,57
Emin Hotel laleli,18-03-2025,71
Emin Hotel laleli,19-03-2025,80
Emin Hotel laleli,20-03-2025,57
Emin Hotel laleli,21-03-2025,80
Emin Hotel laleli,22-03-2025,57
Emin Hotel laleli,23-03-2025,80
Emin Hotel laleli,24-03-2025,57
Emin Hotel laleli,25-03-2025,57
Emin Hotel laleli,26-03-2025,80
Emin Hotel laleli,27-03-2025,80
Emin Hotel laleli,28-03-2025,80
Emin Hotel laleli,29-03-2025,63
Emin Hotel laleli,30-03-2025,72
Emin Hotel laleli,31-03-2025,57
Emin Hotel laleli,01-04-2025,72
Emin Hotel laleli,02-04-2025,72
Emin Hotel laleli,03-04-2025,72
Emin Hotel laleli,04-04-2025,72
Emin Hotel laleli,05-04-2025,72
Emin Hotel laleli,06-04-2025,72
Emin Hotel laleli,07-04-2025,72
Emin Hotel laleli,08-04-2025,72
Emin Hotel laleli,09-04-2025,72
Emin Hotel laleli,10-04-2025,72
Emin Hotel laleli,11-04-2025,72
Emin Hotel laleli,12-04-2025,72
Emin Hotel laleli,13-04-2025,72
Emin Hotel laleli,14-04-2025,72
Emin Hotel laleli,15-04-2025,72
Emin Hotel laleli,16-04-2025,72
Emin Hotel laleli,17-04-2025,72
Emin Hotel laleli,18-04-2025,72
Emin Hotel laleli,19-04-2025,72
Emin Hotel laleli,20-04-2025,72
Emin Hotel laleli,21-04-2025,72
Emin Hotel laleli,22-04-2025,72
Emin Hotel laleli,23-04-2025,71
Emin Hotel laleli,24-04-2025,72
Emin Hotel laleli,25-04-2025,72
Emin Hotel laleli,26-04-2025,72
Emin Hotel laleli,27-04-2025,72
Emin Hotel laleli,28-04-2025,72
Emin Hotel laleli,29-04-2025,72
Emin Hotel laleli,30-04-2025,72
Four Point By Sheraton Istanbul Kagithane,17-03-2025,110
Four Point By Sheraton Istanbul Kagithane,18-03-2025,98
Four Point By Sheraton Istanbul Kagithane,19-03-2025,98
Four Point By Sheraton Istanbul Kagithane,20-03-2025,98
Four Point By Sheraton Istanbul Kagithane,21-03-2025,89
Four Point By Sheraton Istanbul Kagithane,22-03-2025,89
Four Point By Sheraton Istanbul Kagithane,23-03-2025,93
Four Point By Sheraton Istanbul Kagithane,24-03-2025,98
Four Point By Sheraton Istanbul Kagithane,25-03-2025,98
Four Point By Sheraton Istanbul Kagithane,26-03-2025,98
Four Point By Sheraton Istanbul Kagithane,27-03-2025,98
Four Point By Sheraton Istanbul Kagithane,28-03-2025,89
Four Point By Sheraton Istanbul Kagithane,29-03-2025,89
Four Point By Sheraton Istanbul Kagithane,30-03-2025,93
Four Point By Sheraton Istanbul Kagithane,31-03-2025,98
Four Point By Sheraton Istanbul Kagithane,01-04-2025,98
Four Point By Sheraton Istanbul Kagithane,02-04-2025,98
Four Point By Sheraton Istanbul Kagithane,03-04-2025,98
Four Point By Sheraton Istanbul Kagithane,04-04-2025,89
Four Point By Sheraton Istanbul Kagithane,05-04-2025,89
Four Point By Sheraton Istanbul Kagithane,06-04-2025,93
Four Point By Sheraton Istanbul Kagithane,07-04-2025,98
Four Point By Sheraton Istanbul Kagithane,08-04-2025,98
Four Point By Sheraton Istanbul Kagithane,09-04-2025,98
Four Point By Sheraton Istanbul Kagithane,10-04-2025,98
Four Point By Sheraton Istanbul Kagithane,11-04-2025,93
Four Point By Sheraton Istanbul Kagithane,12-04-2025,93
Four Point By Sheraton Istanbul Kagithane,13-04-2025,93
Four Point By Sheraton Istanbul Kagithane,14-04-2025,98
Four Point By Sheraton Istanbul Kagithane,15-04-2025,98
Four Point By Sheraton Istanbul Kagithane,16-04-2025,98
Four Point By Sheraton Istanbul Kagithane,17-04-2025,98
Four Point By Sheraton Istanbul Kagithane,18-04-2025,93
Four Point By Sheraton Istanbul Kagithane,19-04-2025,93
Four Point By Sheraton Istanbul Kagithane,20-04-2025,93
Four Point By Sheraton Istanbul Kagithane,21-04-2025,98
Four Point By Sheraton Istanbul Kagithane,22-04-2025,98
Four Point By Sheraton Istanbul Kagithane,23-04-2025,98
Four Point By Sheraton Istanbul Kagithane,24-04-2025,98
Four Point By Sheraton Istanbul Kagithane,25-04-2025,93
Four Point By Sheraton Istanbul Kagithane,26-04-2025,93
Four Point By Sheraton Istanbul Kagithane,27-04-2025,93
Four Point By Sheraton Istanbul Kagithane,28-04-2025,98
Four Point By Sheraton Istanbul Kagithane,29-04-2025,98
Four Point By Sheraton Istanbul Kagithane,30-04-2025,98
Gleam Collection Hotel,17-03-2025,93
Gleam Collection Hotel,18-03-2025,91
Gleam Collection Hotel,19-03-2025,88
Gleam Collection Hotel,20-03-2025,97
Gleam Collection Hotel,21-03-2025,97
Gleam Collection Hotel,22-03-2025,111
Gleam Collection Hotel,23-03-2025,103
Gleam Collection Hotel,24-03-2025,98
Gleam Collection Hotel,25-03-2025,97
Gleam Collection Hotel,26-03-2025,98
Gleam Collection Hotel,27-03-2025,98
Gleam Collection Hotel,28-03-2025,101
Gleam Collection Hotel,29-03-2025,101
Gleam Collection Hotel,30-03-2025,138
Gleam Collection Hotel,31-03-2025,138
Gleam Collection Hotel,01-04-2025,178
Gleam Collection Hotel,02-04-2025,178
Gleam Collection Hotel,03-04-2025,194
Gleam Collection Hotel,04-04-2025,131
Gleam Collection Hotel,05-04-2025,124
Gleam Collection Hotel,06-04-2025,115
Gleam Collection Hotel,07-04-2025,107
Gleam Collection Hotel,08-04-2025,112
Gleam Collection Hotel,09-04-2025,108
Gleam Collection Hotel,10-04-2025,115
Gleam Collection Hotel,11-04-2025,112
Gleam Collection Hotel,12-04-2025,112
Gleam Collection Hotel,13-04-2025,112
Gleam Collection Hotel,14-04-2025,111
Gleam Collection Hotel,15-04-2025,111
Gleam Collection Hotel,16-04-2025,111
Gleam Collection Hotel,17-04-2025,124
Gleam Collection Hotel,18-04-2025,132
Gleam Collection Hotel,19-04-2025,136
Gleam Collection Hotel,20-04-2025,141
Gleam Collection Hotel,21-04-2025,118
Gleam Collection Hotel,22-04-2025,115
Gleam Collection Hotel,23-04-2025,112
Gleam Collection Hotel,24-04-2025,127
Gleam Collection Hotel,25-04-2025,112
Gleam Collection Hotel,26-04-2025,124
Gleam Collection Hotel,27-04-2025,108
Gleam Collection Hotel,28-04-2025,124
Gleam Collection Hotel,29-04-2025,127
Gleam Collection Hotel,30-04-2025,115
Grand Emin,17-03-2025,98
Grand Emin,18-03-2025,98
Grand Emin,19-03-2025,98
Grand Emin,20-03-2025,98
Grand Emin,21-03-2025,98
Grand Emin,22-03-2025,98
Grand Emin,23-03-2025,98
Grand Emin,24-03-2025,98
Grand Emin,25-03-2025,98
Grand Emin,26-03-2025,98
Grand Emin,27-03-2025,98
Grand Emin,28-03-2025,98
Grand Emin,29-03-2025,98
Grand Emin,30-03-2025,98
Grand Emin,31-03-2025,98
Grand Emin,01-04-2025,98
Grand Emin,02-04-2025,98
Grand Emin,03-04-2025,98
Grand Emin,04-04-2025,98
Grand Emin,05-04-2025,98
Grand Emin,06-04-2025,98
Grand Emin,07-04-2025,98
Grand Emin,08-04-2025,98
Grand Emin,09-04-2025,98
Grand Emin,10-04-2025,98
Grand Emin,11-04-2025,-
Grand Emin,12-04-2025,98
Grand Emin,13-04-2025,98
Grand Emin,14-04-2025,98
Grand Emin,15-04-2025,98
Grand Emin,16-04-2025,98
Grand Emin,17-04-2025,98
Grand Emin,18-04-2025,98
Grand Emin,19-04-2025,99
Grand Emin,20-04-2025,98
Grand Emin,21-04-2025,98
Grand Emin,22-04-2025,98
Grand Emin,23-04-2025,98
Grand Emin,24-04-2025,98
Grand Emin,25-04-2025,98
Grand Emin,26-04-2025,98
Grand Emin,27-04-2025,98
Grand Emin,28-04-2025,98
Grand Emin,29-04-2025,98
Grand Emin,30-04-2025,98
Grand Naki Hotel,17-03-2025,104
Grand Naki Hotel,18-03-2025,104
Grand Naki Hotel,19-03-2025,104
Grand Naki Hotel,20-03-2025,104
Grand Naki Hotel,21-03-2025,104
Grand Naki Hotel,22-03-2025,104
Grand Naki Hotel,23-03-2025,104
Grand Naki Hotel,24-03-2025,104
Grand Naki Hotel,25-03-2025,104
Grand Naki Hotel,26-03-2025,104
Grand Naki Hotel,27-03-2025,104
Grand Naki Hotel,28-03-2025,104
Grand Naki Hotel,29-03-2025,92
Grand Naki Hotel,30-03-2025,84
Grand Naki Hotel,31-03-2025,84
Grand Naki Hotel,01-04-2025,84
Grand Naki Hotel,02-04-2025,84
Grand Naki Hotel,03-04-2025,84
Grand Naki Hotel,04-04-2025,84
Grand Naki Hotel,05-04-2025,84
Grand Naki Hotel,06-04-2025,84
Grand Naki Hotel,07-04-2025,84
Grand Naki Hotel,08-04-2025,84
Grand Naki Hotel,09-04-2025,84
Grand Naki Hotel,10-04-2025,84
Grand Naki Hotel,11-04-2025,84
Grand Naki Hotel,12-04-2025,84
Grand Naki Hotel,13-04-2025,84
Grand Naki Hotel,14-04-2025,84
Grand Naki Hotel,15-04-2025,84
Grand Naki Hotel,16-04-2025,84
Grand Naki Hotel,17-04-2025,-
Grand Naki Hotel,18-04-2025,-
Grand Naki Hotel,19-04-2025,-
Grand Naki Hotel,20-04-2025,-
Grand Naki Hotel,21-04-2025,-
Grand Naki Hotel,22-04-2025,-
Grand Naki Hotel,23-04-2025,-
Grand Naki Hotel,24-04-2025,-
Grand Naki Hotel,25-04-2025,84
Grand Naki Hotel,26-04-2025,84
Grand Naki Hotel,27-04-2025,84
Grand Naki Hotel,28-04-2025,84
Grand Naki Hotel,29-04-2025,84
Grand Naki Hotel,30-04-2025,84
Hotel le Mirage,17-03-2025,55
Hotel le Mirage,18-03-2025,52
Hotel le Mirage,19-03-2025,55
Hotel le Mirage,20-03-2025,51
Hotel le Mirage,21-03-2025,51
Hotel le Mirage,22-03-2025,51
Hotel le Mirage,23-03-2025,51
Hotel le Mirage,24-03-2025,51
Hotel le Mirage,25-03-2025,51
Hotel le Mirage,26-03-2025,51
Hotel le Mirage,27-03-2025,51
Hotel le Mirage,28-03-2025,53
Hotel le Mirage,29-03-2025,51
Hotel le Mirage,30-03-2025,50
Hotel le Mirage,31-03-2025,50
Hotel le Mirage,01-04-2025,54
Hotel le Mirage,02-04-2025,59
Hotel le Mirage,03-04-2025,61
Hotel le Mirage,04-04-2025,59
Hotel le Mirage,05-04-2025,59
Hotel le Mirage,06-04-2025,59
Hotel le Mirage,07-04-2025,59
Hotel le Mirage,08-04-2025,57
Hotel le Mirage,09-04-2025,59
Hotel le Mirage,10-04-2025,53
Hotel le Mirage,11-04-2025,57
Hotel le Mirage,12-04-2025,59
Hotel le Mirage,13-04-2025,57
Hotel le Mirage,14-04-2025,53
Hotel le Mirage,15-04-2025,57
Hotel le Mirage,16-04-2025,57
Hotel le Mirage,17-04-2025,59
Hotel le Mirage,18-04-2025,57
Hotel le Mirage,19-04-2025,57
Hotel le Mirage,20-04-2025,57
Hotel le Mirage,21-04-2025,57
Hotel le Mirage,22-04-2025,53
Hotel le Mirage,23-04-2025,59
Hotel le Mirage,24-04-2025,59
Hotel le Mirage,25-04-2025,57
Hotel le Mirage,26-04-2025,57
Hotel le Mirage,27-04-2025,57
Hotel le Mirage,28-04-2025,53
Hotel le Mirage,29-04-2025,57
Hotel le Mirage,30-04-2025,59
Lasagrada Hotel,17-03-2025,100
Lasagrada Hotel,18-03-2025,95
Lasagrada Hotel,19-03-2025,95
Lasagrada Hotel,20-03-2025,92
Lasagrada Hotel,21-03-2025,92
Lasagrada Hotel,22-03-2025,92
Lasagrada Hotel,23-03-2025,92
Lasagrada Hotel,24-03-2025,92
Lasagrada Hotel,25-03-2025,92
Lasagrada Hotel,26-03-2025,92
Lasagrada Hotel,27-03-2025,92
Lasagrada Hotel,28-03-2025,95
Lasagrada Hotel,29-03-2025,92
Lasagrada Hotel,30-03-2025,132
Lasagrada Hotel,31-03-2025,140
Lasagrada Hotel,01-04-2025,140
Lasagrada Hotel,02-04-2025,121
Lasagrada Hotel,03-04-2025,121
Lasagrada Hotel,04-04-2025,121
Lasagrada Hotel,05-04-2025,121
Lasagrada Hotel,06-04-2025,120
Lasagrada Hotel,07-04-2025,120
Lasagrada Hotel,08-04-2025,121
Lasagrada Hotel,09-04-2025,121
Lasagrada Hotel,10-04-2025,121
Lasagrada Hotel,11-04-2025,121
Lasagrada Hotel,12-04-2025,121
Lasagrada Hotel,13-04-2025,121
Lasagrada Hotel,14-04-2025,121
Lasagrada Hotel,15-04-2025,120
Lasagrada Hotel,16-04-2025,121
Lasagrada Hotel,17-04-2025,120
Lasagrada Hotel,18-04-2025,121
Lasagrada Hotel,19-04-2025,121
Lasagrada Hotel,20-04-2025,121
Lasagrada Hotel,21-04-2025,121
Lasagrada Hotel,22-04-2025,121
Lasagrada Hotel,23-04-2025,121
Lasagrada Hotel,24-04-2025,121
Lasagrada Hotel,25-04-2025,121
Lasagrada Hotel,26-04-2025,121
Lasagrada Hotel,27-04-2025,122
Lasagrada Hotel,28-04-2025,121
Lasagrada Hotel,29-04-2025,121
Lasagrada Hotel,30-04-2025,124
Legacy Ottoman Hotel,17-03-2025,112
Legacy Ottoman Hotel,18-03-2025,96
Legacy Ottoman Hotel,19-03-2025,83
Legacy Ottoman Hotel,20-03-2025,83
Legacy Ottoman Hotel,21-03-2025,96
Legacy Ottoman Hotel,22-03-2025,91
Legacy Ottoman Hotel,23-03-2025,86
Legacy Ottoman Hotel,24-03-2025,83
Legacy Ottoman Hotel,25-03-2025,88
Legacy Ottoman Hotel,26-03-2025,96
Legacy Ottoman Hotel,27-03-2025,96
Legacy Ottoman Hotel,28-03-2025,98
Legacy Ottoman Hotel,29-03-2025,81
Legacy Ottoman Hotel,30-03-2025,105
Legacy Ottoman Hotel,31-03-2025,97
Legacy Ottoman Hotel,01-04-2025,107
Legacy Ottoman Hotel,02-04-2025,119
Legacy Ottoman Hotel,03-04-2025,124
Legacy Ottoman Hotel,04-04-2025,114
Legacy Ottoman Hotel,05-04-2025,124
Legacy Ottoman Hotel,06-04-2025,118
Legacy Ottoman Hotel,07-04-2025,108
Legacy Ottoman Hotel,08-04-2025,108
Legacy Ottoman Hotel,09-04-2025,108
Legacy Ottoman Hotel,10-04-2025,108
Legacy Ottoman Hotel,11-04-2025,113
Legacy Ottoman Hotel,12-04-2025,125
Legacy Ottoman Hotel,13-04-2025,125
Legacy Ottoman Hotel,14-04-2025,125
Legacy Ottoman Hotel,15-04-2025,108
Legacy Ottoman Hotel,16-04-2025,108
Legacy Ottoman Hotel,17-04-2025,152
Legacy Ottoman Hotel,18-04-2025,156
Legacy Ottoman Hotel,19-04-2025,189
Legacy Ottoman Hotel,20-04-2025,125
Legacy Ottoman Hotel,21-04-2025,125
Legacy Ottoman Hotel,22-04-2025,108
Legacy Ottoman Hotel,23-04-2025,109
Legacy Ottoman Hotel,24-04-2025,118
Legacy Ottoman Hotel,25-04-2025,118
Legacy Ottoman Hotel,26-04-2025,125
Legacy Ottoman Hotel,27-04-2025,125
Legacy Ottoman Hotel,28-04-2025,118
Legacy Ottoman Hotel,29-04-2025,124
Legacy Ottoman Hotel,30-04-2025,118
Martinenz Otel,17-03-2025,51
Martinenz Otel,18-03-2025,43
Martinenz Otel,19-03-2025,43
Martinenz Otel,20-03-2025,43
Martinenz Otel,21-03-2025,43
Martinenz Otel,22-03-2025,43
Martinenz Otel,23-03-2025,43
Martinenz Otel,24-03-2025,43
Martinenz Otel,25-03-2025,43
Martinenz Otel,26-03-2025,43
Martinenz Otel,27-03-2025,43
Martinenz Otel,28-03-2025,43
Martinenz Otel,29-03-2025,52
Martinenz Otel,30-03-2025,51
Martinenz Otel,31-03-2025,51
Martinenz Otel,01-04-2025,50
Martinenz Otel,02-04-2025,51
Martinenz Otel,03-04-2025,67
Martinenz Otel,04-04-2025,68
Martinenz Otel,05-04-2025,67
Martinenz Otel,06-04-2025,56
Martinenz Otel,07-04-2025,56
Martinenz Otel,08-04-2025,56
Martinenz Otel,09-04-2025,56
Martinenz Otel,10-04-2025,67
Martinenz Otel,11-04-2025,67
Martinenz Otel,12-04-2025,67
Martinenz Otel,13-04-2025,56
Martinenz Otel,14-04-2025,56
Martinenz Otel,15-04-2025,56
Martinenz Otel,16-04-2025,56
Martinenz Otel,17-04-2025,67
Martinenz Otel,18-04-2025,67
Martinenz Otel,19-04-2025,67
Martinenz Otel,20-04-2025,67
Martinenz Otel,21-04-2025,56
Martinenz Otel,22-04-2025,56
Martinenz Otel,23-04-2025,67
Martinenz Otel,24-04-2025,67
Martinenz Otel,25-04-2025,67
Martinenz Otel,26-04-2025,67
Martinenz Otel,27-04-2025,56
Martinenz Otel,28-04-2025,56
Martinenz Otel,29-04-2025,55
Martinenz Otel,30-04-2025,67
Nidya Hotel Galataport,17-03-2025,93
Nidya Hotel Galataport,18-03-2025,77
Nidya Hotel Galataport,19-03-2025,93
Nidya Hotel Galataport,20-03-2025,68
Nidya Hotel Galataport,21-03-2025,68
Nidya Hotel Galataport,22-03-2025,68
Nidya Hotel Galataport,23-03-2025,93
Nidya Hotel Galataport,24-03-2025,77
Nidya Hotel Galataport,25-03-2025,78
Nidya Hotel Galataport,26-03-2025,78
Nidya Hotel Galataport,27-03-2025,77
Nidya Hotel Galataport,28-03-2025,93
Nidya Hotel Galataport,29-03-2025,-
Nidya Hotel Galataport,30-03-2025,93
Nidya Hotel Galataport,31-03-2025,-
Nidya Hotel Galataport,01-04-2025,78
Nidya Hotel Galataport,02-04-2025,112
Nidya Hotel Galataport,03-04-2025,-
Nidya Hotel Galataport,04-04-2025,-
Nidya Hotel Galataport,05-04-2025,-
Nidya Hotel Galataport,06-04-2025,-
Nidya Hotel Galataport,07-04-2025,112
Nidya Hotel Galataport,08-04-2025,78
Nidya Hotel Galataport,09-04-2025,78
Nidya Hotel Galataport,10-04-2025,78
Nidya Hotel Galataport,11-04-2025,112
Nidya Hotel Galataport,12-04-2025,118
Nidya Hotel Galataport,13-04-2025,88
Nidya Hotel Galataport,14-04-2025,112
Nidya Hotel Galataport,15-04-2025,78
Nidya Hotel Galataport,16-04-2025,112
Nidya Hotel Galataport,17-04-2025,112
Nidya Hotel Galataport,18-04-2025,112
Nidya Hotel Galataport,19-04-2025,-
Nidya Hotel Galataport,20-04-2025,-
Nidya Hotel Galataport,21-04-2025,78
Nidya Hotel Galataport,22-04-2025,88
Nidya Hotel Galataport,23-04-2025,78
Nidya Hotel Galataport,24-04-2025,78
Nidya Hotel Galataport,25-04-2025,78
Nidya Hotel Galataport,26-04-2025,78
Nidya Hotel Galataport,27-04-2025,-
Nidya Hotel Galataport,28-04-2025,78
Nidya Hotel Galataport,29-04-2025,78
Nidya Hotel Galataport,30-04-2025,78
Ramada Pera,17-03-2025,59
Ramada Pera,18-03-2025,59
Ramada Pera,19-03-2025,59
Ramada Pera,20-03-2025,59
Ramada Pera,21-03-2025,59
Ramada Pera,22-03-2025,116
Ramada Pera,23-03-2025,116
Ramada Pera,24-03-2025,83
Ramada Pera,25-03-2025,59
Ramada Pera,26-03-2025,59
Ramada Pera,27-03-2025,-
Ramada Pera,28-03-2025,-
Ramada Pera,29-03-2025,100
Ramada Pera,30-03-2025,61
Ramada Pera,31-03-2025,61
Ramada Pera,01-04-2025,93
Ramada Pera,02-04-2025,93
Ramada Pera,03-04-2025,93
Ramada Pera,04-04-2025,93
Ramada Pera,05-04-2025,93
Ramada Pera,06-04-2025,93
Ramada Pera,07-04-2025,93
Ramada Pera,08-04-2025,93
Ramada Pera,09-04-2025,93
Ramada Pera,10-04-2025,93
Ramada Pera,11-04-2025,93
Ramada Pera,12-04-2025,93
Ramada Pera,13-04-2025,93
Ramada Pera,14-04-2025,93
Ramada Pera,15-04-2025,93
Ramada Pera,16-04-2025,93
Ramada Pera,17-04-2025,93
Ramada Pera,18-04-2025,99
Ramada Pera,19-04-2025,99
Ramada Pera,20-04-2025,99
Ramada Pera,21-04-2025,93
Ramada Pera,22-04-2025,93
Ramada Pera,23-04-2025,93
Ramada Pera,24-04-2025,93
Ramada Pera,25-04-2025,93
Ramada Pera,26-04-2025,93
Ramada Pera,27-04-2025,93
Ramada Pera,28-04-2025,93
Ramada Pera,29-04-2025,93
Ramada Pera,30-04-2025,93
Sheraton Istanbul City Center,17-03-2025,115
Sheraton Istanbul City Center,18-03-2025,115
Sheraton Istanbul City Center,19-03-2025,110
Sheraton Istanbul City Center,20-03-2025,104
Sheraton Istanbul City Center,21-03-2025,100
Sheraton Istanbul City Center,22-03-2025,100
Sheraton Istanbul City Center,23-03-2025,103
Sheraton Istanbul City Center,24-03-2025,101
Sheraton Istanbul City Center,25-03-2025,103
Sheraton Istanbul City Center,26-03-2025,101
Sheraton Istanbul City Center,27-03-2025,101
Sheraton Istanbul City Center,28-03-2025,101
Sheraton Istanbul City Center,29-03-2025,115
Sheraton Istanbul City Center,30-03-2025,105
Sheraton Istanbul City Center,31-03-2025,105
Sheraton Istanbul City Center,01-04-2025,118
Sheraton Istanbul City Center,02-04-2025,121
Sheraton Istanbul City Center,03-04-2025,121
Sheraton Istanbul City Center,04-04-2025,121
Sheraton Istanbul City Center,05-04-2025,118
Sheraton Istanbul City Center,06-04-2025,107
Sheraton Istanbul City Center,07-04-2025,105
Sheraton Istanbul City Center,08-04-2025,107
Sheraton Istanbul City Center,09-04-2025,109
Sheraton Istanbul City Center,10-04-2025,109
Sheraton Istanbul City Center,11-04-2025,109
Sheraton Istanbul City Center,12-04-2025,142
Sheraton Istanbul City Center,13-04-2025,109
Sheraton Istanbul City Center,14-04-2025,109
Sheraton Istanbul City Center,15-04-2025,121
Sheraton Istanbul City Center,16-04-2025,121
Sheraton Istanbul City Center,17-04-2025,123
Sheraton Istanbul City Center,18-04-2025,123
Sheraton Istanbul City Center,19-04-2025,123
Sheraton Istanbul City Center,20-04-2025,123
Sheraton Istanbul City Center,21-04-2025,110
Sheraton Istanbul City Center,22-04-2025,123
Sheraton Istanbul City Center,23-04-2025,208
Sheraton Istanbul City Center,24-04-2025,123
Sheraton Istanbul City Center,25-04-2025,208
Sheraton Istanbul City Center,26-04-2025,115
Sheraton Istanbul City Center,27-04-2025,115
Sheraton Istanbul City Center,28-04-2025,115
Sheraton Istanbul City Center,29-04-2025,115
Sheraton Istanbul City Center,30-04-2025,115
"Sim Hotel
Aksaray, Aksaray Mah Namık Kemal Cad,",17-03-2025,39
"Sim Hotel
Aksaray, Aksaray Mah Namık Kemal Cad,",18-03-2025,39
"Sim Hotel
Aksaray, Aksaray Mah Namık Kemal Cad,",19-03-2025,39
"Sim Hotel
Aksaray, Aksaray Mah Namık Kemal Cad,",20-03-2025,39
"Sim Hotel
Aksaray, Aksaray Mah Namık Kemal Cad,",21-03-2025,39
"Sim Hotel
Aksaray, Aksaray Mah Namık Kemal Cad,",22-03-2025,39
"Sim Hotel
Aksaray, Aksaray Mah Namık Kemal Cad,",23-03-2025,39
"Sim Hotel
Aksaray, Aksaray Mah Namık Kemal Cad,",24-03-2025,39
"Sim Hotel
Aksaray, Aksaray Mah Namık Kemal Cad,",25-03-2025,39
"Sim Hotel
Aksaray, Aksaray Mah Namık Kemal Cad,",26-03-2025,39
"Sim Hotel
Aksaray, Aksaray Mah Namık Kemal Cad,",27-03-2025,39
"Sim Hotel
Aksaray, Aksaray Mah Namık Kemal Cad,",28-03-2025,56
"Sim Hotel
Aksaray, Aksaray Mah Namık Kemal Cad,",29-03-2025,75
"Sim Hotel
Aksaray, Aksaray Mah Namık Kemal Cad,",30-03-2025,57
"Sim Hotel
Aksaray, Aksaray Mah Namık Kemal Cad,",31-03-2025,67
"Sim Hotel
Aksaray, Aksaray Mah Namık Kemal Cad,",01-04-2025,57
"Sim Hotel
Aksaray, Aksaray Mah Namık Kemal Cad,",02-04-2025,71
"Sim Hotel
Aksaray, Aksaray Mah Namık Kemal Cad,",03-04-2025,57
"Sim Hotel
Aksaray, Aksaray Mah Namık Kemal Cad,",04-04-2025,57
"Sim Hotel
Aksaray, Aksaray Mah Namık Kemal Cad,",05-04-2025,57
"Sim Hotel
Aksaray, Aksaray Mah Namık Kemal Cad,",06-04-2025,57
"Sim Hotel
Aksaray, Aksaray Mah Namık Kemal Cad,",07-04-2025,71
"Sim Hotel
Aksaray, Aksaray Mah Namık Kemal Cad,",08-04-2025,57
"Sim Hotel
Aksaray, Aksaray Mah Namık Kemal Cad,",09-04-2025,57
"Sim Hotel
Aksaray, Aksaray Mah Namık Kemal Cad,",10-04-2025,57
"Sim Hotel
Aksaray, Aksaray Mah Namık Kemal Cad,",11-04-2025,71
"Sim Hotel
Aksaray, Aksaray Mah Namık Kemal Cad,",12-04-2025,57
"Sim Hotel
Aksaray, Aksaray Mah Namık Kemal Cad,",13-04-2025,57
"Sim Hotel
Aksaray, Aksaray Mah Namık Kemal Cad,",14-04-2025,57
"Sim Hotel
Aksaray, Aksaray Mah Namık Kemal Cad,",15-04-2025,71
"Sim Hotel
Aksaray, Aksaray Mah Namık Kemal Cad,",16-04-2025,57
"Sim Hotel
Aksaray, Aksaray Mah Namık Kemal Cad,",17-04-2025,57
"Sim Hotel
Aksaray, Aksaray Mah Namık Kemal Cad,",18-04-2025,57
"Sim Hotel
Aksaray, Aksaray Mah Namık Kemal Cad,",19-04-2025,71
"Sim Hotel
Aksaray, Aksaray Mah Namık Kemal Cad,",20-04-2025,57
"Sim Hotel
Aksaray, Aksaray Mah Namık Kemal Cad,",21-04-2025,71
"Sim Hotel
Aksaray, Aksaray Mah Namık Kemal Cad,",22-04-2025,71
"Sim Hotel
Aksaray, Aksaray Mah Namık Kemal Cad,",23-04-2025,57
"Sim Hotel
Aksaray, Aksaray Mah Namık Kemal Cad,",24-04-2025,57
"Sim Hotel
Aksaray, Aksaray Mah Namık Kemal Cad,",25-04-2025,57
"Sim Hotel
Aksaray, Aksaray Mah Namık Kemal Cad,",26-04-2025,69
"Sim Hotel
Aksaray, Aksaray Mah Namık Kemal Cad,",27-04-2025,57
"Sim Hotel
Aksaray, Aksaray Mah Namık Kemal Cad,",28-04-2025,57
"Sim Hotel
Aksaray, Aksaray Mah Namık Kemal Cad,",29-04-2025,71
"Sim Hotel
Aksaray, Aksaray Mah Namık Kemal Cad,",30-04-2025,71
The Elysium Istanbul Taksim,17-03-2025,80
The Elysium Istanbul Taksim,18-03-2025,80
The Elysium Istanbul Taksim,19-03-2025,80
The Elysium Istanbul Taksim,20-03-2025,86
The Elysium Istanbul Taksim,21-03-2025,78
The Elysium Istanbul Taksim,22-03-2025,86
The Elysium Istanbul Taksim,23-03-2025,78
The Elysium Istanbul Taksim,24-03-2025,78
The Elysium Istanbul Taksim,25-03-2025,86
The Elysium Istanbul Taksim,26-03-2025,86
The Elysium Istanbul Taksim,27-03-2025,86
The Elysium Istanbul Taksim,28-03-2025,78
The Elysium Istanbul Taksim,29-03-2025,89
The Elysium Istanbul Taksim,30-03-2025,89
The Elysium Istanbul Taksim,31-03-2025,81
The Elysium Istanbul Taksim,01-04-2025,95
The Elysium Istanbul Taksim,02-04-2025,85
The Elysium Istanbul Taksim,03-04-2025,97
The Elysium Istanbul Taksim,04-04-2025,97
The Elysium Istanbul Taksim,05-04-2025,88
The Elysium Istanbul Taksim,06-04-2025,93
The Elysium Istanbul Taksim,07-04-2025,93
The Elysium Istanbul Taksim,08-04-2025,84
The Elysium Istanbul Taksim,09-04-2025,84
The Elysium Istanbul Taksim,10-04-2025,84
The Elysium Istanbul Taksim,11-04-2025,102
The Elysium Istanbul Taksim,12-04-2025,102
The Elysium Istanbul Taksim,13-04-2025,84
The Elysium Istanbul Taksim,14-04-2025,84
The Elysium Istanbul Taksim,15-04-2025,97
The Elysium Istanbul Taksim,16-04-2025,97
The Elysium Istanbul Taksim,17-04-2025,120
The Elysium Istanbul Taksim,18-04-2025,118
The Elysium Istanbul Taksim,19-04-2025,120
The Elysium Istanbul Taksim,20-04-2025,120
The Elysium Istanbul Taksim,21-04-2025,131
The Elysium Istanbul Taksim,22-04-2025,120
The Elysium Istanbul Taksim,23-04-2025,120
The Elysium Istanbul Taksim,24-04-2025,120
The Elysium Istanbul Taksim,25-04-2025,120
The Elysium Istanbul Taksim,26-04-2025,120
The Elysium Istanbul Taksim,27-04-2025,120
The Elysium Istanbul Taksim,28-04-2025,120
The Elysium Istanbul Taksim,29-04-2025,104
The Elysium Istanbul Taksim,30-04-2025,104
The Elysium Styles Taksim,17-03-2025,115
The Elysium Styles Taksim,18-03-2025,115
The Elysium Styles Taksim,19-03-2025,110
The Elysium Styles Taksim,20-03-2025,104
The Elysium Styles Taksim,21-03-2025,100
The Elysium Styles Taksim,22-03-2025,100
The Elysium Styles Taksim,23-03-2025,103
The Elysium Styles Taksim,24-03-2025,101
The Elysium Styles Taksim,25-03-2025,103
The Elysium Styles Taksim,26-03-2025,101
The Elysium Styles Taksim,27-03-2025,101
The Elysium Styles Taksim,28-03-2025,101
The Elysium Styles Taksim,29-03-2025,115
The Elysium Styles Taksim,30-03-2025,105
The Elysium Styles Taksim,31-03-2025,105
The Elysium Styles Taksim,01-04-2025,118
The Elysium Styles Taksim,02-04-2025,121
The Elysium Styles Taksim,03-04-2025,121
The Elysium Styles Taksim,04-04-2025,121
The Elysium Styles Taksim,05-04-2025,118
The Elysium Styles Taksim,06-04-2025,107
The Elysium Styles Taksim,07-04-2025,105
The Elysium Styles Taksim,08-04-2025,107
The Elysium Styles Taksim,09-04-2025,109
The Elysium Styles Taksim,10-04-2025,109
The Elysium Styles Taksim,11-04-2025,109
The Elysium Styles Taksim,12-04-2025,142
The Elysium Styles Taksim,13-04-2025,109
The Elysium Styles Taksim,14-04-2025,109
The Elysium Styles Taksim,15-04-2025,121
The Elysium Styles Taksim,16-04-2025,121
The Elysium Styles Taksim,17-04-2025,123
The Elysium Styles Taksim,18-04-2025,123
The Elysium Styles Taksim,19-04-2025,123
The Elysium Styles Taksim,20-04-2025,123
The Elysium Styles Taksim,21-04-2025,110
The Elysium Styles Taksim,22-04-2025,123
The Elysium Styles Taksim,23-04-2025,208
The Elysium Styles Taksim,24-04-2025,123
The Elysium Styles Taksim,25-04-2025,208
The Elysium Styles Taksim,26-04-2025,115
The Elysium Styles Taksim,27-04-2025,115
The Elysium Styles Taksim,28-04-2025,115
The Elysium Styles Taksim,29-04-2025,115
The Elysium Styles Taksim,30-04-2025,115
Wyndham Istanbul Old City,17-03-2025,73
Wyndham Istanbul Old City,18-03-2025,73
Wyndham Istanbul Old City,19-03-2025,73
Wyndham Istanbul Old City,20-03-2025,73
Wyndham Istanbul Old City,21-03-2025,115
Wyndham Istanbul Old City,22-03-2025,326
Wyndham Istanbul Old City,23-03-2025,127
Wyndham Istanbul Old City,24-03-2025,73
Wyndham Istanbul Old City,25-03-2025,73
Wyndham Istanbul Old City,26-03-2025,73
Wyndham Istanbul Old City,27-03-2025,73
Wyndham Istanbul Old City,28-03-2025,115
Wyndham Istanbul Old City,29-03-2025,153
Wyndham Istanbul Old City,30-03-2025,79
Wyndham Istanbul Old City,31-03-2025,80
Wyndham Istanbul Old City,01-04-2025,151
Wyndham Istanbul Old City,02-04-2025,151
Wyndham Istanbul Old City,03-04-2025,151
Wyndham Istanbul Old City,04-04-2025,153
Wyndham Istanbul Old City,05-04-2025,209
Wyndham Istanbul Old City,06-04-2025,155
Wyndham Istanbul Old City,07-04-2025,153
Wyndham Istanbul Old City,08-04-2025,153
Wyndham Istanbul Old City,09-04-2025,153
Wyndham Istanbul Old City,10-04-2025,148
Wyndham Istanbul Old City,11-04-2025,148
Wyndham Istanbul Old City,12-04-2025,196
Wyndham Istanbul Old City,13-04-2025,155
Wyndham Istanbul Old City,14-04-2025,153
Wyndham Istanbul Old City,15-04-2025,153
Wyndham Istanbul Old City,16-04-2025,153
Wyndham Istanbul Old City,17-04-2025,196
Wyndham Istanbul Old City,18-04-2025,-
Wyndham Istanbul Old City,19-04-2025,-
Wyndham Istanbul Old City,20-04-2025,-
Wyndham Istanbul Old City,21-04-2025,153
Wyndham Istanbul Old City,22-04-2025,153
Wyndham Istanbul Old City,23-04-2025,153
Wyndham Istanbul Old City,24-04-2025,153
Wyndham Istanbul Old City,25-04-2025,153
Wyndham Istanbul Old City,26-04-2025,153
Wyndham Istanbul Old City,27-04-2025,155
Wyndham Istanbul Old City,28-04-2025,153
Wyndham Istanbul Old City,29-04-2025,153
Wyndham Istanbul Old City,30-04-2025,153
Zimmer Hotels Bosphorus,17-03-2025,73
Zimmer Hotels Bosphorus,18-03-2025,73
Zimmer Hotels Bosphorus,19-03-2025,73
Zimmer Hotels Bosphorus,20-03-2025,73
Zimmer Hotels Bosphorus,21-03-2025,78
Zimmer Hotels Bosphorus,22-03-2025,73
Zimmer Hotels Bosphorus,23-03-2025,73
Zimmer Hotels Bosphorus,24-03-2025,73
Zimmer Hotels Bosphorus,25-03-2025,73
Zimmer Hotels Bosphorus,26-03-2025,73
Zimmer Hotels Bosphorus,27-03-2025,73
Zimmer Hotels Bosphorus,28-03-2025,73
Zimmer Hotels Bosphorus,29-03-2025,78
Zimmer Hotels Bosphorus,30-03-2025,78
Zimmer Hotels Bosphorus,31-03-2025,78
Zimmer Hotels Bosphorus,01-04-2025,105
Zimmer Hotels Bosphorus,02-04-2025,105
Zimmer Hotels Bosphorus,03-04-2025,104
Zimmer Hotels Bosphorus,04-04-2025,105
Zimmer Hotels Bosphorus,05-04-2025,105
Zimmer Hotels Bosphorus,06-04-2025,105
Zimmer Hotels Bosphorus,07-04-2025,105
Zimmer Hotels Bosphorus,08-04-2025,105
Zimmer Hotels Bosphorus,09-04-2025,104
Zimmer Hotels Bosphorus,10-04-2025,105
Zimmer Hotels Bosphorus,11-04-2025,104
Zimmer Hotels Bosphorus,12-04-2025,105
Zimmer Hotels Bosphorus,13-04-2025,105
Zimmer Hotels Bosphorus,14-04-2025,104
Zimmer Hotels Bosphorus,15-04-2025,105
Zimmer Hotels Bosphorus,16-04-2025,105
Zimmer Hotels Bosphorus,17-04-2025,105
Zimmer Hotels Bosphorus,18-04-2025,105
Zimmer Hotels Bosphorus,19-04-2025,104
Zimmer Hotels Bosphorus,20-04-2025,105
Zimmer Hotels Bosphorus,21-04-2025,105
Zimmer Hotels Bosphorus,22-04-2025,104
Zimmer Hotels Bosphorus,23-04-2025,105
Zimmer Hotels Bosphorus,24-04-2025,105
Zimmer Hotels Bosphorus,25-04-2025,105
Zimmer Hotels Bosphorus,26-04-2025,105
Zimmer Hotels Bosphorus,27-04-2025,104
Zimmer Hotels Bosphorus,28-04-2025,105
Zimmer Hotels Bosphorus,29-04-2025,105
Zimmer Hotels Bosphorus,30-04-2025,105
Elite World Comfy Istanbul Taksim,17-03-2025,56
Elite World Comfy Istanbul Taksim,18-03-2025,56
Elite World Comfy Istanbul Taksim,19-03-2025,-
Elite World Comfy Istanbul Taksim,20-03-2025,-
Elite World Comfy Istanbul Taksim,21-03-2025,-
Elite World Comfy Istanbul Taksim,22-03-2025,-
Elite World Comfy Istanbul Taksim,23-03-2025,-
Elite World Comfy Istanbul Taksim,24-03-2025,88
Elite World Comfy Istanbul Taksim,25-03-2025,70
Elite World Comfy Istanbul Taksim,26-03-2025,-
Elite World Comfy Istanbul Taksim,27-03-2025,79
Elite World Comfy Istanbul Taksim,28-03-2025,91
Elite World Comfy Istanbul Taksim,29-03-2025,-
Elite World Comfy Istanbul Taksim,30-03-2025,-
Elite World Comfy Istanbul Taksim,31-03-2025,-
Elite World Comfy Istanbul Taksim,01-04-2025,82
Elite World Comfy Istanbul Taksim,02-04-2025,-
Elite World Comfy Istanbul Taksim,03-04-2025,-
Elite World Comfy Istanbul Taksim,04-04-2025,-
Elite World Comfy Istanbul Taksim,05-04-2025,-
Elite World Comfy Istanbul Taksim,06-04-2025,-
Elite World Comfy Istanbul Taksim,07-04-2025,116
Elite World Comfy Istanbul Taksim,08-04-2025,79
Elite World Comfy Istanbul Taksim,09-04-2025,79
Elite World Comfy Istanbul Taksim,10-04-2025,79
Elite World Comfy Istanbul Taksim,11-04-2025,79
Elite World Comfy Istanbul Taksim,12-04-2025,78
Elite World Comfy Istanbul Taksim,13-04-2025,78
Elite World Comfy Istanbul Taksim,14-04-2025,79
Elite World Comfy Istanbul Taksim,15-04-2025,79
Elite World Comfy Istanbul Taksim,16-04-2025,79
Elite World Comfy Istanbul Taksim,17-04-2025,79
Elite World Comfy Istanbul Taksim,18-04-2025,79
Elite World Comfy Istanbul Taksim,19-04-2025,79
Elite World Comfy Istanbul Taksim,20-04-2025,79
Elite World Comfy Istanbul Taksim,21-04-2025,78
Elite World Comfy Istanbul Taksim,22-04-2025,78
Elite World Comfy Istanbul Taksim,23-04-2025,78
Elite World Comfy Istanbul Taksim,24-04-2025,79
Elite World Comfy Istanbul Taksim,25-04-2025,79
Elite World Comfy Istanbul Taksim,26-04-2025,78
Elite World Comfy Istanbul Taksim,27-04-2025,79
Elite World Comfy Istanbul Taksim,28-04-2025,79
Elite World Comfy Istanbul Taksim,29-04-2025,79
Elite World Comfy Istanbul Taksim,30-04-2025,78
Elite World Grand Istanbul Kucukyali,17-03-2025,78
Elite World Grand Istanbul Kucukyali,18-03-2025,78
Elite World Grand Istanbul Kucukyali,19-03-2025,78
Elite World Grand Istanbul Kucukyali,20-03-2025,97
Elite World Grand Istanbul Kucukyali,21-03-2025,97
Elite World Grand Istanbul Kucukyali,22-03-2025,78
Elite World Grand Istanbul Kucukyali,23-03-2025,78
Elite World Grand Istanbul Kucukyali,24-03-2025,78
Elite World Grand Istanbul Kucukyali,25-03-2025,78
Elite World Grand Istanbul Kucukyali,26-03-2025,78
Elite World Grand Istanbul Kucukyali,27-03-2025,78
Elite World Grand Istanbul Kucukyali,28-03-2025,78
Elite World Grand Istanbul Kucukyali,29-03-2025,78
Elite World Grand Istanbul Kucukyali,30-03-2025,78
Elite World Grand Istanbul Kucukyali,31-03-2025,78
Elite World Grand Istanbul Kucukyali,01-04-2025,78
Elite World Grand Istanbul Kucukyali,02-04-2025,78
Elite World Grand Istanbul Kucukyali,03-04-2025,78
Elite World Grand Istanbul Kucukyali,04-04-2025,78
Elite World Grand Istanbul Kucukyali,05-04-2025,78
Elite World Grand Istanbul Kucukyali,06-04-2025,78
Elite World Grand Istanbul Kucukyali,07-04-2025,78
Elite World Grand Istanbul Kucukyali,08-04-2025,78
Elite World Grand Istanbul Kucukyali,09-04-2025,78
Elite World Grand Istanbul Kucukyali,10-04-2025,78
Elite World Grand Istanbul Kucukyali,11-04-2025,78
Elite World Grand Istanbul Kucukyali,12-04-2025,78
Elite World Grand Istanbul Kucukyali,13-04-2025,78
Elite World Grand Istanbul Kucukyali,14-04-2025,78
Elite World Grand Istanbul Kucukyali,15-04-2025,78
Elite World Grand Istanbul Kucukyali,16-04-2025,89
Elite World Grand Istanbul Kucukyali,17-04-2025,89
Elite World Grand Istanbul Kucukyali,18-04-2025,89
Elite World Grand Istanbul Kucukyali,19-04-2025,89
Elite World Grand Istanbul Kucukyali,20-04-2025,89
Elite World Grand Istanbul Kucukyali,21-04-2025,89
Elite World Grand Istanbul Kucukyali,22-04-2025,89
Elite World Grand Istanbul Kucukyali,23-04-2025,89
Elite World Grand Istanbul Kucukyali,24-04-2025,89
Elite World Grand Istanbul Kucukyali,25-04-2025,89
Elite World Grand Istanbul Kucukyali,26-04-2025,89
Elite World Grand Istanbul Kucukyali,27-04-2025,89
Elite World Grand Istanbul Kucukyali,28-04-2025,89
Elite World Grand Istanbul Kucukyali,29-04-2025,89
Elite World Grand Istanbul Kucukyali,30-04-2025,89
"Elite World Istanbul Taksim
Müslümanlara uygun
Şehit Muhtar, Şht. Muhtar Bey Cd.",17-03-2025,130
"Elite World Istanbul Taksim
Müslümanlara uygun
Şehit Muhtar, Şht. Muhtar Bey Cd.",18-03-2025,130
"Elite World Istanbul Taksim
Müslümanlara uygun
Şehit Muhtar, Şht. Muhtar Bey Cd.",19-03-2025,104
"Elite World Istanbul Taksim
Müslümanlara uygun
Şehit Muhtar, Şht. Muhtar Bey Cd.",20-03-2025,132
"Elite World Istanbul Taksim
Müslümanlara uygun
Şehit Muhtar, Şht. Muhtar Bey Cd.",21-03-2025,132
"Elite World Istanbul Taksim
Müslümanlara uygun
Şehit Muhtar, Şht. Muhtar Bey Cd.",22-03-2025,132
"Elite World Istanbul Taksim
Müslümanlara uygun
Şehit Muhtar, Şht. Muhtar Bey Cd.",23-03-2025,172
"Elite World Istanbul Taksim
Müslümanlara uygun
Şehit Muhtar, Şht. Muhtar Bey Cd.",24-03-2025,172
"Elite World Istanbul Taksim
Müslümanlara uygun
Şehit Muhtar, Şht. Muhtar Bey Cd.",25-03-2025,172
"Elite World Istanbul Taksim
Müslümanlara uygun
Şehit Muhtar, Şht. Muhtar Bey Cd.",26-03-2025,172
"Elite World Istanbul Taksim
Müslümanlara uygun
Şehit Muhtar, Şht. Muhtar Bey Cd.",27-03-2025,188
"Elite World Istanbul Taksim
Müslümanlara uygun
Şehit Muhtar, Şht. Muhtar Bey Cd.",28-03-2025,188
"Elite World Istanbul Taksim
Müslümanlara uygun
Şehit Muhtar, Şht. Muhtar Bey Cd.",29-03-2025,188
"Elite World Istanbul Taksim
Müslümanlara uygun
Şehit Muhtar, Şht. Muhtar Bey Cd.",30-03-2025,188
"Elite World Istanbul Taksim
Müslümanlara uygun
Şehit Muhtar, Şht. Muhtar Bey Cd.",31-03-2025,188
"Elite World Istanbul Taksim
Müslümanlara uygun
Şehit Muhtar, Şht. Muhtar Bey Cd.",01-04-2025,188
"Elite World Istanbul Taksim
Müslümanlara uygun
Şehit Muhtar, Şht. Muhtar Bey Cd.",02-04-2025,160
"Elite World Istanbul Taksim
Müslümanlara uygun
Şehit Muhtar, Şht. Muhtar Bey Cd.",03-04-2025,152
"Elite World Istanbul Taksim
Müslümanlara uygun
Şehit Muhtar, Şht. Muhtar Bey Cd.",04-04-2025,152
"Elite World Istanbul Taksim
Müslümanlara uygun
Şehit Muhtar, Şht. Muhtar Bey Cd.",05-04-2025,152
"Elite World Istanbul Taksim
Müslümanlara uygun
Şehit Muhtar, Şht. Muhtar Bey Cd.",06-04-2025,140
"Elite World Istanbul Taksim
Müslümanlara uygun
Şehit Muhtar, Şht. Muhtar Bey Cd.",07-04-2025,140
"Elite World Istanbul Taksim
Müslümanlara uygun
Şehit Muhtar, Şht. Muhtar Bey Cd.",08-04-2025,140
"Elite World Istanbul Taksim
Müslümanlara uygun
Şehit Muhtar, Şht. Muhtar Bey Cd.",09-04-2025,140
"Elite World Istanbul Taksim
Müslümanlara uygun
Şehit Muhtar, Şht. Muhtar Bey Cd.",10-04-2025,176
"Elite World Istanbul Taksim
Müslümanlara uygun
Şehit Muhtar, Şht. Muhtar Bey Cd.",11-04-2025,156
"Elite World Istanbul Taksim
Müslümanlara uygun
Şehit Muhtar, Şht. Muhtar Bey Cd.",12-04-2025,156
"Elite World Istanbul Taksim
Müslümanlara uygun
Şehit Muhtar, Şht. Muhtar Bey Cd.",13-04-2025,156
"Elite World Istanbul Taksim
Müslümanlara uygun
Şehit Muhtar, Şht. Muhtar Bey Cd.",14-04-2025,156
"Elite World Istanbul Taksim
Müslümanlara uygun
Şehit Muhtar, Şht. Muhtar Bey Cd.",15-04-2025,160
"Elite World Istanbul Taksim
Müslümanlara uygun
Şehit Muhtar, Şht. Muhtar Bey Cd.",16-04-2025,160
"Elite World Istanbul Taksim
Müslümanlara uygun
Şehit Muhtar, Şht. Muhtar Bey Cd.",17-04-2025,196
"Elite World Istanbul Taksim
Müslümanlara uygun
Şehit Muhtar, Şht. Muhtar Bey Cd.",18-04-2025,196
"Elite World Istanbul Taksim
Müslümanlara uygun
Şehit Muhtar, Şht. Muhtar Bey Cd.",19-04-2025,196
"Elite World Istanbul Taksim
Müslümanlara uygun
Şehit Muhtar, Şht. Muhtar Bey Cd.",20-04-2025,184
"Elite World Istanbul Taksim
Müslümanlara uygun
Şehit Muhtar, Şht. Muhtar Bey Cd.",21-04-2025,184
"Elite World Istanbul Taksim
Müslümanlara uygun
Şehit Muhtar, Şht. Muhtar Bey Cd.",22-04-2025,184
"Elite World Istanbul Taksim
Müslümanlara uygun
Şehit Muhtar, Şht. Muhtar Bey Cd.",23-04-2025,184
"Elite World Istanbul Taksim
Müslümanlara uygun
Şehit Muhtar, Şht. Muhtar Bey Cd.",24-04-2025,184
"Elite World Istanbul Taksim
Müslümanlara uygun
Şehit Muhtar, Şht. Muhtar Bey Cd.",25-04-2025,156
"Elite World Istanbul Taksim
Müslümanlara uygun
Şehit Muhtar, Şht. Muhtar Bey Cd.",26-04-2025,156
"Elite World Istanbul Taksim
Müslümanlara uygun
Şehit Muhtar, Şht. Muhtar Bey Cd.",27-04-2025,156
"Elite World Istanbul Taksim
Müslümanlara uygun
Şehit Muhtar, Şht. Muhtar Bey Cd.",28-04-2025,156
"Elite World Istanbul Taksim
Müslümanlara uygun
Şehit Muhtar, Şht. Muhtar Bey Cd.",29-04-2025,160
"Elite World Istanbul Taksim
Müslümanlara uygun
Şehit Muhtar, Şht. Muhtar Bey Cd.",30-04-2025,160
Elite World İstanbul Florya,17-03-2025,68
Elite World İstanbul Florya,18-03-2025,68
Elite World İstanbul Florya,19-03-2025,68
Elite World İstanbul Florya,20-03-2025,68
Elite World İstanbul Florya,21-03-2025,68
Elite World İstanbul Florya,22-03-2025,68
Elite World İstanbul Florya,23-03-2025,68
Elite World İstanbul Florya,24-03-2025,68
Elite World İstanbul Florya,25-03-2025,68
Elite World İstanbul Florya,26-03-2025,68
Elite World İstanbul Florya,27-03-2025,68
Elite World İstanbul Florya,28-03-2025,68
Elite World İstanbul Florya,29-03-2025,68
Elite World İstanbul Florya,30-03-2025,69
Elite World İstanbul Florya,31-03-2025,66
Elite World İstanbul Florya,01-04-2025,73
Elite World İstanbul Florya,02-04-2025,73
Elite World İstanbul Florya,03-04-2025,73
Elite World İstanbul Florya,04-04-2025,73
Elite World İstanbul Florya,05-04-2025,73
Elite World İstanbul Florya,06-04-2025,73
Elite World İstanbul Florya,07-04-2025,73
Elite World İstanbul Florya,08-04-2025,73
Elite World İstanbul Florya,09-04-2025,82
Elite World İstanbul Florya,10-04-2025,82
Elite World İstanbul Florya,11-04-2025,82
Elite World İstanbul Florya,12-04-2025,82
Elite World İstanbul Florya,13-04-2025,73
Elite World İstanbul Florya,14-04-2025,73
Elite World İstanbul Florya,15-04-2025,86
Elite World İstanbul Florya,16-04-2025,103
Elite World İstanbul Florya,17-04-2025,103
Elite World İstanbul Florya,18-04-2025,103
Elite World İstanbul Florya,19-04-2025,103
Elite World İstanbul Florya,20-04-2025,73
Elite World İstanbul Florya,21-04-2025,73
Elite World İstanbul Florya,22-04-2025,73
Elite World İstanbul Florya,23-04-2025,86
Elite World İstanbul Florya,24-04-2025,98
Elite World İstanbul Florya,25-04-2025,97
Elite World İstanbul Florya,26-04-2025,90
Elite World İstanbul Florya,27-04-2025,73
Elite World İstanbul Florya,28-04-2025,73
Elite World İstanbul Florya,29-04-2025,84
Elite World İstanbul Florya,30-04-2025,84
